Df	SumsOfSqs	MeanSqs	F.Model	R2	Pr(>F)
GroupNumber	1	0.488528391336736	0.488528391336736	0.212483801565278	0.033239574795695	0.844
Health	1	5.01213338862645	5.01213338862645	2.18001077369016	0.341026613010939	0.145
Residuals	4	9.19652957520441	2.2991323938011	NA	0.625733812193366	NA
Total	6	14.6971913551676	NA	NA	1	NA
